{"train_loss": [0.9519736766815186, 0.6768931746482849, 0.5352596193552017, 0.4885212182998657, 0.4250909835100174, 0.41820482909679413, 0.40090130269527435, 0.4171798974275589, 0.4094744771718979, 0.3977600485086441, 0.4220126122236252, 0.4425133168697357, 0.4385214000940323, 0.44680848717689514], "val_loss": [0.6744102835655212, 0.581974983215332, 0.5366043448448181, 0.5189948081970215, 0.5266621112823486, 0.5523548722267151, 0.5809982419013977, 0.5996291041374207, 0.6089808344841003, 0.606532096862793, 0.5954968929290771, 0.579831063747406, 0.5632663369178772, 0.548494279384613], "train_acc": [0.22332506203473945, 0.5508684863523573, 0.8039702233250621, 0.8610421836228288, 0.8660049627791563, 0.8734491315136477, 0.8734491315136477, 0.8734491315136477, 0.8734491315136477, 0.8734491315136477, 0.8734491315136477, 0.8734491315136477, 0.8734491315136477, 0.8734491315136477], "val_acc": [0.8255813953488372, 0.8255813953488372, 0.8255813953488372, 0.8255813953488372, 0.8255813953488372, 0.8255813953488372, 0.8255813953488372, 0.8255813953488372, 0.8255813953488372, 0.8255813953488372, 0.8255813953488372, 0.8255813953488372, 0.8255813953488372, 0.8255813953488372]}