{"train_loss": [1.5331103205680847, 1.3855708241462708, 1.2765596508979797, 1.2610164284706116, 1.2275478839874268, 1.254252314567566, 1.2255024909973145, 1.2297471761703491, 1.1790189146995544, 1.1667234897613525, 1.196126937866211, 1.1720178723335266, 1.1402329802513123, 1.1391453742980957, 1.1221553087234497, 1.155141294002533, 1.1361479759216309, 1.120837390422821, 1.1446228623390198, 1.120855689048767, 1.1119129061698914, 1.103017508983612, 1.1079118251800537, 1.075541377067566, 1.0984436869621277, 1.0938556790351868, 1.086580216884613, 1.077451765537262, 1.0547710061073303, 1.0896244049072266, 1.0678143501281738, 1.076821744441986, 1.071630835533142, 1.0804187059402466, 1.0649420022964478, 1.040813684463501, 1.0466623902320862, 1.053574025630951, 1.0566715598106384, 1.0455430746078491, 1.0464457273483276, 1.0335147380828857, 1.0358558297157288, 1.0124367475509644, 1.0275286436080933, 1.0291730165481567, 1.0294253826141357], "val_loss": [0.5744849443435669, 0.5086491703987122, 0.5055868029594421, 0.5373103022575378, 0.560793936252594, 0.560779869556427, 0.5391896963119507, 0.5110774636268616, 0.49030330777168274, 0.48115628957748413, 0.47654232382774353, 0.4726245701313019, 0.46963608264923096, 0.4692407548427582, 0.47162848711013794, 0.47562646865844727, 0.47870734333992004, 0.47915977239608765, 0.4786022901535034, 0.47456613183021545, 0.470106840133667, 0.46744343638420105, 0.4658246636390686, 0.46571677923202515, 0.4653930962085724, 0.4664762318134308, 0.4671548306941986, 0.4688206911087036, 0.4694005250930786, 0.4714163839817047, 0.47177058458328247, 0.47115373611450195, 0.4671328365802765, 0.4637435972690582, 0.4613460600376129, 0.4598233103752136, 0.45933911204338074, 0.4599102735519409, 0.4615587592124939, 0.462786465883255, 0.4633333086967468, 0.46358823776245117, 0.4631476402282715, 0.46241331100463867, 0.46228328347206116, 0.46198228001594543, 0.4617290496826172], "train_acc": [0.5707196029776674, 0.8610421836228288, 0.8734491315136477, 0.8734491315136477, 0.8734491315136477, 0.8734491315136477, 0.8734491315136477, 0.8734491315136477, 0.8734491315136477, 0.8734491315136477, 0.8734491315136477, 0.8734491315136477, 0.8734491315136477, 0.8734491315136477, 0.8734491315136477, 0.8734491315136477, 0.8734491315136477, 0.8734491315136477, 0.8734491315136477, 0.8734491315136477, 0.8734491315136477, 0.8734491315136477, 0.8734491315136477, 0.8734491315136477, 0.8734491315136477, 0.8734491315136477, 0.8734491315136477, 0.8734491315136477, 0.8734491315136477, 0.8734491315136477, 0.8734491315136477, 0.8734491315136477, 0.8734491315136477, 0.8734491315136477, 0.8734491315136477, 0.8734491315136477, 0.8734491315136477, 0.8734491315136477, 0.8734491315136477, 0.8734491315136477, 0.8734491315136477, 0.8734491315136477, 0.8734491315136477, 0.8734491315136477, 0.8734491315136477, 0.8734491315136477, 0.8734491315136477], "val_acc": [0.8255813953488372, 0.8255813953488372, 0.8255813953488372, 0.8255813953488372, 0.8255813953488372, 0.8255813953488372, 0.8255813953488372, 0.8255813953488372, 0.8255813953488372, 0.8255813953488372, 0.8255813953488372, 0.8255813953488372, 0.8255813953488372, 0.8255813953488372, 0.8255813953488372, 0.8255813953488372, 0.8255813953488372, 0.8255813953488372, 0.8255813953488372, 0.8255813953488372, 0.8255813953488372, 0.8255813953488372, 0.8255813953488372, 0.8255813953488372, 0.8255813953488372, 0.8255813953488372, 0.8255813953488372, 0.8255813953488372, 0.8255813953488372, 0.8255813953488372, 0.8255813953488372, 0.8255813953488372, 0.8255813953488372, 0.8255813953488372, 0.8255813953488372, 0.8255813953488372, 0.8255813953488372, 0.8255813953488372, 0.8255813953488372, 0.8255813953488372, 0.8255813953488372, 0.8255813953488372, 0.8255813953488372, 0.8255813953488372, 0.8255813953488372, 0.8255813953488372, 0.8255813953488372]}