{"train_loss": [0.7850538194179535, 0.5257024765014648, 0.430852010846138, 0.3636949807405472, 0.363602951169014, 0.40446336567401886, 0.3723738193511963, 0.44015954434871674, 0.4125654399394989, 0.3786489814519882, 0.38847969472408295, 0.3777555525302887], "val_loss": [0.5986706018447876, 0.5070182085037231, 0.5094776153564453, 0.5586084127426147, 0.6085930466651917, 0.6329241991043091, 0.6301364302635193, 0.6114503741264343, 0.580717921257019, 0.5502798557281494, 0.5259561538696289, 0.5076223611831665], "train_acc": [0.3225806451612903, 0.8138957816377171, 0.8734491315136477, 0.8734491315136477, 0.8734491315136477, 0.8734491315136477, 0.8734491315136477, 0.8734491315136477, 0.8734491315136477, 0.8734491315136477, 0.8734491315136477, 0.8734491315136477], "val_acc": [0.8255813953488372, 0.8255813953488372, 0.8255813953488372, 0.8255813953488372, 0.8255813953488372, 0.8255813953488372, 0.8255813953488372, 0.8255813953488372, 0.8255813953488372, 0.8255813953488372, 0.8255813953488372, 0.8255813953488372]}