{"train_loss": [0.6933744834816974, 0.6927340523056362, 0.6915401634962662, 0.6907629578009896, 0.6890741379364677, 0.6851018382155377, 0.679306465646495, 0.6655921391818834, 0.6274900488231493, 0.5392268274141394, 0.4889702434125154, 0.4585996762565944, 0.45206027834311774, 0.4375517420146776, 0.42850202062855597, 0.42827559813209204, 0.4215755540391673, 0.4260393303373586, 0.4183493321356566, 0.4171101839646049, 0.4134623822958573, 0.4067275731459908, 0.40089793697647425, 0.38916317924209265, 0.3930942468021227, 0.3833590370157491, 0.3795701563358307, 0.37804855341496674, 0.36862400822017505, 0.3566045385339986], "val_loss": [0.6917869448661804, 0.6991426944732666, 0.6829761266708374, 0.673026442527771, 0.6595258116722107, 0.6866600513458252, 0.6772274374961853, 0.7299844622612, 0.6398027539253235, 0.4564431309700012, 0.5432108044624329, 0.5179371237754822, 0.543617844581604, 0.5214239954948425, 0.5696921944618225, 0.5418367981910706, 0.5371445417404175, 0.5325671434402466, 0.52894127368927, 0.5112517476081848, 0.5522759556770325, 0.5225213766098022, 0.5696715116500854, 0.5677687525749207, 0.5895448923110962, 0.5903633236885071, 0.572181224822998, 0.597518801689148, 0.6121411323547363, 0.5939276218414307], "train_acc": [0.4982505248425472, 0.5157452764170749, 0.5225682295311407, 0.5330650804758572, 0.543037088873338, 0.5629811056682995, 0.5792512246326103, 0.6067179846046186, 0.6509797060881736, 0.7428271518544437, 0.7631210636808957, 0.7741427571728482, 0.7765920223932821, 0.789888033589923, 0.7933869839048285, 0.789888033589923, 0.7909377186843947, 0.7923372988103569, 0.7960111966410077, 0.7986354093771868, 0.8003848845346396, 0.8065080475857243, 0.8117564730580826, 0.8184044786564031, 0.8170048985304409, 0.8213785864240728, 0.8254023792862142, 0.8236529041287614, 0.8273268019594122, 0.8385234429671099], "val_acc": [0.6357142857142857, 0.31285714285714283, 0.6428571428571429, 0.6357142857142857, 0.6842857142857143, 0.5457142857142857, 0.5914285714285714, 0.4757142857142857, 0.6285714285714286, 0.6642857142857143, 0.6228571428571429, 0.63, 0.6285714285714286, 0.6257142857142857, 0.6271428571428571, 0.6242857142857143, 0.6257142857142857, 0.6242857142857143, 0.6214285714285714, 0.6242857142857143, 0.6228571428571429, 0.6357142857142857, 0.6328571428571429, 0.6257142857142857, 0.6285714285714286, 0.6342857142857142, 0.64, 0.6314285714285715, 0.6328571428571429, 0.6628571428571428]}