{"train_loss": [0.7916024016297382, 0.6218801348105721, 0.5401854242967523, 0.4783742388953333, 0.43733040923657623, 0.3713093970132911, 0.3335402180319247, 0.2913611984771231, 0.2532047493302304, 0.22762720481209134, 0.1929707889971526, 0.17639386913050775, 0.16704880349014117, 0.14628403342288473, 0.1352951131437136, 0.10992972876714624, 0.0989907438988271, 0.09951222623172014, 0.08184343625022017, 0.07866249897557756, 0.07040074953566426, 0.06101580142326977, 0.06188522902843745, 0.05502856134072594, 0.05439373154355132, 0.048991557696591255, 0.04725657889376516, 0.04675366794285567, 0.040995340227432876, 0.03753383809943562, 0.038159732018475945, 0.043711106981272285, 0.033737016558323216, 0.03115364042637141, 0.028616950806716213, 0.022491557645085064, 0.023215792546777622, 0.024243856010877567, 0.02714981725844352, 0.02825520047917962, 0.021493164518767077], "val_loss": [0.7130579352378845, 0.7378095984458923, 0.7923875451087952, 0.8157001733779907, 0.895882248878479, 1.0359433889389038, 0.9728524088859558, 1.25165593624115, 1.2458642721176147, 1.2242387533187866, 1.2991961240768433, 1.1913468837738037, 0.8050950169563293, 0.6726017594337463, 0.6501195430755615, 0.5307865738868713, 0.7047159671783447, 0.6258310675621033, 0.7168907523155212, 0.9006401896476746, 0.7938678860664368, 0.7426535487174988, 0.715199887752533, 0.8616587519645691, 0.9731823801994324, 1.1214076280593872, 0.9345799088478088, 0.9610887765884399, 0.9739586710929871, 0.9854725003242493, 1.0517264604568481, 1.0204800367355347, 1.1318182945251465, 1.1998820304870605, 1.2198686599731445, 1.2604385614395142, 1.2298173904418945, 1.252445101737976, 1.2697815895080566, 1.240952730178833, 1.27190363407135], "train_acc": [0.5426871938418475, 0.6567529741077677, 0.7225332400279916, 0.7786913925822253, 0.7986354093771868, 0.8432470258922323, 0.8572428271518544, 0.8813855843247026, 0.9020293911826452, 0.9149755073477956, 0.9326452064380686, 0.9338698390482855, 0.9391182645206438, 0.947515745276417, 0.9515395381385584, 0.96518544436669, 0.9629111266620014, 0.9625612316305109, 0.972183344996501, 0.972183344996501, 0.97778166550035, 0.9790062981105668, 0.9779566130160952, 0.9818054583624912, 0.9800559832050385, 0.9828551434569629, 0.9840797760671799, 0.9832050384884534, 0.9868789363191043, 0.9882785164450665, 0.9860041987403779, 0.9854793561931421, 0.9882785164450665, 0.9889783065080476, 0.9909027291812457, 0.9935269419174247, 0.9931770468859342, 0.9924772568229531, 0.9909027291812457, 0.990552834149755, 0.9940517844646606], "val_acc": [0.12428571428571429, 0.12428571428571429, 0.12428571428571429, 0.12428571428571429, 0.12428571428571429, 0.12428571428571429, 0.12428571428571429, 0.12428571428571429, 0.12428571428571429, 0.12428571428571429, 0.12428571428571429, 0.12428571428571429, 0.31, 0.5957142857142858, 0.64, 0.7657142857142857, 0.5842857142857143, 0.6728571428571428, 0.61, 0.5228571428571429, 0.6128571428571429, 0.68, 0.7057142857142857, 0.6542857142857142, 0.6485714285714286, 0.6028571428571429, 0.6914285714285714, 0.7285714285714285, 0.7414285714285714, 0.7557142857142857, 0.77, 0.8, 0.7828571428571428, 0.7885714285714286, 0.8128571428571428, 0.8057142857142857, 0.8142857142857143, 0.82, 0.8271428571428572, 0.8271428571428572, 0.8371428571428572]}