{"train_loss": [0.7741652001505313, 0.6124405575835187, 0.5228264085624529, 0.46566177839818207, 0.39944405788960663, 0.35198068100473157, 0.29616907757261524, 0.2681446088396985, 0.23938598580982373, 0.20796176402465158, 0.1826050754474557, 0.1712670138348704, 0.15010620362084845, 0.13358201702003894, 0.1171821384974148, 0.10512334853410721, 0.09636453992646674, 0.09218172648030779, 0.07487380682774213, 0.06403539216388827, 0.06257116211497266, 0.059457400570745056, 0.05719182672707931, 0.05524745947964813, 0.0467281056487042, 0.04031696097682352, 0.029108621665964955, 0.03469681456361128, 0.03501131474647833, 0.03120568653811579, 0.02845437881415305, 0.023590494028252106, 0.022524846393776977, 0.01744576185212835, 0.02206106022324251, 0.018022056183089382], "val_loss": [0.6839989423751831, 0.6457479596138, 0.590202808380127, 0.5562472343444824, 0.5673147439956665, 0.5449776649475098, 0.518797755241394, 0.48784521222114563, 0.4786827862262726, 0.5636245012283325, 0.47528302669525146, 0.4981335401535034, 0.47892439365386963, 0.5435004830360413, 0.5224090218544006, 0.545475959777832, 0.5292378067970276, 0.6285170912742615, 0.7100290060043335, 1.00520658493042, 0.8270071744918823, 0.9696958661079407, 1.046200156211853, 1.0107479095458984, 0.8047359585762024, 0.8334866166114807, 0.7999086380004883, 0.9060519933700562, 0.869465172290802, 0.844298243522644, 0.8598857522010803, 0.8991793990135193, 0.90766441822052, 0.9390854239463806, 0.8889282941818237, 0.8972729444503784], "train_acc": [0.5547585724282715, 0.6599020293911827, 0.739853044086774, 0.7830650804758572, 0.8268019594121764, 0.8516445066480056, 0.8789363191042687, 0.8906578026592022, 0.9058782365290413, 0.9191742477256823, 0.9329951014695591, 0.9391182645206438, 0.9443666899930021, 0.9515395381385584, 0.9576627011896431, 0.9657102869139258, 0.966410076976907, 0.9669349195241428, 0.9751574527641708, 0.9793561931420574, 0.9800559832050385, 0.980405878236529, 0.9781315605318405, 0.980405878236529, 0.9826801959412176, 0.987928621413576, 0.990552834149755, 0.9888033589923023, 0.9891532540237928, 0.9909027291812457, 0.989853044086774, 0.9919524142757172, 0.991777466759972, 0.9947515745276417, 0.9930020993701889, 0.9949265220433869], "val_acc": [0.8757142857142857, 0.8757142857142857, 0.8757142857142857, 0.8757142857142857, 0.8757142857142857, 0.8757142857142857, 0.8757142857142857, 0.8757142857142857, 0.8757142857142857, 0.83, 0.8371428571428572, 0.8242857142857143, 0.8285714285714286, 0.7785714285714286, 0.7785714285714286, 0.7585714285714286, 0.7671428571428571, 0.7085714285714285, 0.6857142857142857, 0.5942857142857143, 0.6685714285714286, 0.6214285714285714, 0.5971428571428572, 0.6042857142857143, 0.69, 0.7171428571428572, 0.7314285714285714, 0.7242857142857143, 0.7657142857142857, 0.7814285714285715, 0.7828571428571428, 0.79, 0.8142857142857143, 0.8157142857142857, 0.83, 0.82]}