{"train_loss": [0.7213903069496155, 0.5955747067928314, 0.4958944022655487, 0.46490995585918427, 0.40976977348327637, 0.41323892772197723, 0.40437623858451843, 0.42705734074115753, 0.4049117863178253, 0.39893750846385956, 0.4416978806257248, 0.4253137558698654, 0.3961677700281143, 0.4081372022628784], "val_loss": [0.6223980188369751, 0.5679348111152649, 0.5319099426269531, 0.5182743668556213, 0.5273424386978149, 0.5529406070709229, 0.5807849168777466, 0.5991716384887695, 0.5977087020874023, 0.5869455337524414, 0.5739918351173401, 0.5554572343826294, 0.5392785668373108, 0.5286619663238525], "train_acc": [0.43672456575682383, 0.7791563275434243, 0.8759305210918115, 0.8734491315136477, 0.8734491315136477, 0.8734491315136477, 0.8734491315136477, 0.8734491315136477, 0.8734491315136477, 0.8734491315136477, 0.8734491315136477, 0.8734491315136477, 0.8734491315136477, 0.8734491315136477], "val_acc": [0.8255813953488372, 0.8255813953488372, 0.8255813953488372, 0.8255813953488372, 0.8255813953488372, 0.8255813953488372, 0.8255813953488372, 0.8255813953488372, 0.8255813953488372, 0.8255813953488372, 0.8255813953488372, 0.8255813953488372, 0.8255813953488372, 0.8255813953488372]}