{"train_loss": [0.7653218248616094, 0.6341950349185778, 0.5551560521125793, 0.4992002222848975, 0.4431823517965234, 0.3927649376185044, 0.35257876826369244, 0.3106754188952239, 0.26794003274129785, 0.23426463552143262, 0.21888277064199033, 0.19387838957102402, 0.16923697389986203, 0.14603865988876508, 0.1340897102718768, 0.1099461414243864, 0.10440581486276958, 0.09716730823983317, 0.0884894838799601, 0.09061298940492712, 0.0842384189043356, 0.07137018911864447, 0.07278868912354759, 0.05877643094762512, 0.050155862679947975, 0.056170821432834084, 0.04945359387151573, 0.04633907844191012, 0.047228034909652626, 0.05094252461972444, 0.0493492402298295, 0.04262230310427106], "val_loss": [0.6603385806083679, 0.6010782122612, 0.5721402764320374, 0.5828729271888733, 0.5404127836227417, 0.5402020215988159, 0.526914656162262, 0.6739395260810852, 0.6815232038497925, 0.8979337215423584, 0.8137081265449524, 0.7485091686248779, 1.1907588243484497, 1.0125292539596558, 1.5401642322540283, 1.7578054666519165, 1.514980435371399, 1.5112234354019165, 1.6772314310073853, 2.039001703262329, 1.7389296293258667, 1.31305730342865, 1.296372413635254, 1.0588760375976562, 0.9123917818069458, 1.0496485233306885, 1.1038583517074585, 1.0753154754638672, 1.0594701766967773, 1.1434824466705322, 1.2292954921722412, 1.271730661392212], "train_acc": [0.5572078376487054, 0.6485304408677397, 0.7193841847445767, 0.759447165850245, 0.7988103568929321, 0.8266270118964311, 0.8481455563331001, 0.8733379986004198, 0.8922323303009098, 0.9058782365290413, 0.915850244926522, 0.9273967809657103, 0.9364940517844647, 0.9447165850244926, 0.9503149055283415, 0.9630860741777467, 0.9634359692092372, 0.9643107067879636, 0.9697340797760672, 0.969034289713086, 0.9711336599020294, 0.9756822953114066, 0.9758572428271518, 0.9776067179846046, 0.9849545136459062, 0.9809307207837649, 0.9847795661301609, 0.9853044086773968, 0.9839048285514346, 0.9837298810356893, 0.9832050384884534, 0.9858292512246326], "val_acc": [0.8757142857142857, 0.8757142857142857, 0.8757142857142857, 0.8757142857142857, 0.8757142857142857, 0.8757142857142857, 0.8757142857142857, 0.7471428571428571, 0.6242857142857143, 0.12428571428571429, 0.1357142857142857, 0.3028571428571429, 0.12571428571428572, 0.13857142857142857, 0.12428571428571429, 0.12428571428571429, 0.12285714285714286, 0.14714285714285713, 0.16142857142857142, 0.14857142857142858, 0.22857142857142856, 0.35, 0.4042857142857143, 0.5514285714285714, 0.6885714285714286, 0.6557142857142857, 0.6528571428571428, 0.7285714285714285, 0.7842857142857143, 0.77, 0.7471428571428571, 0.7542857142857143]}