{"train_loss": [0.5728746950626373, 0.44105370342731476, 0.3916715234518051, 0.41707944869995117, 0.4018203914165497, 0.43331103026866913, 0.3935810923576355, 0.40978236496448517, 0.36349864304065704, 0.36720627546310425, 0.39575114846229553, 0.3718652129173279, 0.3597419708967209, 0.3731706589460373, 0.3602648079395294, 0.3712380677461624, 0.3623947501182556, 0.34662744402885437, 0.3793029189109802, 0.36786697804927826, 0.3463389724493027, 0.3535171449184418, 0.3433506041765213, 0.34102553129196167, 0.3496049791574478, 0.365048348903656, 0.34599724411964417, 0.3321529030799866, 0.31495145708322525, 0.3443369120359421, 0.3269231766462326, 0.33906687796115875, 0.32815681397914886, 0.3284379541873932, 0.3163669556379318, 0.3142244666814804, 0.32988564670085907, 0.32435476779937744, 0.3208121210336685, 0.31418146193027496, 0.3146565556526184, 0.3176825940608978, 0.3078307956457138, 0.2891341671347618, 0.3000303953886032, 0.29817548394203186, 0.29945632815361023, 0.29409046471118927, 0.2966618686914444, 0.3061649054288864, 0.3152177035808563, 0.30878889560699463, 0.28345851600170135, 0.27886058390140533, 0.2999761551618576, 0.27666646242141724, 0.2890705466270447, 0.2859518527984619, 0.2861066162586212, 0.2634546384215355, 0.28450098633766174, 0.2802574336528778, 0.2846764773130417, 0.27112022042274475, 0.26470694690942764, 0.2665219083428383, 0.2718476951122284, 0.2653593122959137, 0.2762497663497925, 0.25659023970365524, 0.27787093073129654, 0.26875734329223633, 0.27927979826927185, 0.2963055968284607, 0.27099572122097015, 0.27358727157115936, 0.2790253311395645, 0.2699325755238533, 0.27307938039302826, 0.27403000742197037, 0.28834640979766846, 0.27382343262434006, 0.2698555737733841, 0.27691027522087097, 0.25985187292099, 0.2808046042919159, 0.25095873326063156, 0.26731472462415695, 0.2579473629593849, 0.2595377713441849, 0.2654252201318741, 0.27772095799446106, 0.2664906680583954, 0.2636556327342987, 0.2545052766799927, 0.24664734303951263, 0.2570170611143112, 0.2799001932144165], "val_loss": [0.518336296081543, 0.5109697580337524, 0.5550631880760193, 0.5922831892967224, 0.5947639346122742, 0.5753730535507202, 0.5454851984977722, 0.5178911685943604, 0.4969475269317627, 0.48465168476104736, 0.4779011905193329, 0.4731501340866089, 0.4701109528541565, 0.4687015116214752, 0.46875426173210144, 0.47079887986183167, 0.47281789779663086, 0.47376295924186707, 0.47430774569511414, 0.47120192646980286, 0.46462079882621765, 0.4574268162250519, 0.45075708627700806, 0.4439370036125183, 0.4393191635608673, 0.43616294860839844, 0.4327888488769531, 0.42974773049354553, 0.42697054147720337, 0.4269530773162842, 0.4258294105529785, 0.42415326833724976, 0.4185452163219452, 0.41355735063552856, 0.40861594676971436, 0.4043472707271576, 0.4018624424934387, 0.3992219567298889, 0.39557957649230957, 0.3922719657421112, 0.38877958059310913, 0.3844479024410248, 0.38020023703575134, 0.37682613730430603, 0.3754071891307831, 0.3741046190261841, 0.37207430601119995, 0.36966362595558167, 0.368452250957489, 0.3677942454814911, 0.3672553598880768, 0.3657491207122803, 0.36205747723579407, 0.3596321642398834, 0.3589175343513489, 0.3578234910964966, 0.35814061760902405, 0.3580605387687683, 0.35690179467201233, 0.35489436984062195, 0.3530786335468292, 0.35110363364219666, 0.34893643856048584, 0.3464391827583313, 0.34443652629852295, 0.343840628862381, 0.3433799147605896, 0.34281831979751587, 0.34206950664520264, 0.3406708836555481, 0.3396921753883362, 0.3389486074447632, 0.33842381834983826, 0.33759674429893494, 0.33627909421920776, 0.3353938162326813, 0.33472681045532227, 0.3339763581752777, 0.33321478962898254, 0.33275875449180603, 0.33239394426345825, 0.33213740587234497, 0.33169814944267273, 0.3315137028694153, 0.33132028579711914, 0.33118054270744324, 0.3311053216457367, 0.3310995399951935, 0.3311880826950073, 0.33132922649383545, 0.33139097690582275, 0.3314218819141388, 0.3314351737499237, 0.33144599199295044, 0.3314269781112671, 0.33141037821769714, 0.33140861988067627, 0.3314070999622345], "train_acc": [0.7096774193548387, 0.8709677419354839, 0.8734491315136477, 0.8734491315136477, 0.8734491315136477, 0.8734491315136477, 0.8734491315136477, 0.8734491315136477, 0.8734491315136477, 0.8734491315136477, 0.8734491315136477, 0.8734491315136477, 0.8734491315136477, 0.8734491315136477, 0.8734491315136477, 0.8734491315136477, 0.8734491315136477, 0.8734491315136477, 0.8734491315136477, 0.8734491315136477, 0.8734491315136477, 0.8734491315136477, 0.8734491315136477, 0.8734491315136477, 0.8734491315136477, 0.8734491315136477, 0.8734491315136477, 0.8734491315136477, 0.8734491315136477, 0.8734491315136477, 0.8734491315136477, 0.8734491315136477, 0.8734491315136477, 0.8734491315136477, 0.8734491315136477, 0.8734491315136477, 0.8759305210918115, 0.8734491315136477, 0.8734491315136477, 0.8734491315136477, 0.8734491315136477, 0.8734491315136477, 0.8734491315136477, 0.8734491315136477, 0.8734491315136477, 0.8734491315136477, 0.8709677419354839, 0.8734491315136477, 0.8759305210918115, 0.8709677419354839, 0.8759305210918115, 0.8759305210918115, 0.8759305210918115, 0.8734491315136477, 0.8734491315136477, 0.8759305210918115, 0.8734491315136477, 0.8734491315136477, 0.8734491315136477, 0.8784119106699751, 0.8709677419354839, 0.8808933002481389, 0.8759305210918115, 0.8734491315136477, 0.8784119106699751, 0.8734491315136477, 0.8759305210918115, 0.8784119106699751, 0.8734491315136477, 0.8808933002481389, 0.8709677419354839, 0.8784119106699751, 0.8808933002481389, 0.8734491315136477, 0.8808933002481389, 0.8784119106699751, 0.8759305210918115, 0.8784119106699751, 0.8759305210918115, 0.8784119106699751, 0.8759305210918115, 0.8808933002481389, 0.8759305210918115, 0.8734491315136477, 0.8858560794044665, 0.8759305210918115, 0.8759305210918115, 0.8784119106699751, 0.8808933002481389, 0.8808933002481389, 0.8858560794044665, 0.8858560794044665, 0.8883374689826302, 0.8833746898263027, 0.8883374689826302, 0.8858560794044665, 0.8759305210918115, 0.8784119106699751], "val_acc": [0.8255813953488372, 0.8255813953488372, 0.8255813953488372, 0.8255813953488372, 0.8255813953488372, 0.8255813953488372, 0.8255813953488372, 0.8255813953488372, 0.8255813953488372, 0.8255813953488372, 0.8255813953488372, 0.8255813953488372, 0.8255813953488372, 0.8255813953488372, 0.8255813953488372, 0.8255813953488372, 0.8255813953488372, 0.8255813953488372, 0.8255813953488372, 0.8255813953488372, 0.8255813953488372, 0.8255813953488372, 0.8255813953488372, 0.8255813953488372, 0.8255813953488372, 0.8255813953488372, 0.8255813953488372, 0.8255813953488372, 0.8255813953488372, 0.8255813953488372, 0.8255813953488372, 0.8255813953488372, 0.8255813953488372, 0.8255813953488372, 0.8255813953488372, 0.8255813953488372, 0.8255813953488372, 0.8255813953488372, 0.8255813953488372, 0.8255813953488372, 0.8255813953488372, 0.8255813953488372, 0.8255813953488372, 0.8255813953488372, 0.8255813953488372, 0.8255813953488372, 0.8255813953488372, 0.8255813953488372, 0.8255813953488372, 0.8255813953488372, 0.8255813953488372, 0.8255813953488372, 0.8255813953488372, 0.8255813953488372, 0.8255813953488372, 0.8255813953488372, 0.8255813953488372, 0.8255813953488372, 0.8255813953488372, 0.8255813953488372, 0.8255813953488372, 0.8255813953488372, 0.8255813953488372, 0.8372093023255814, 0.8488372093023255, 0.8488372093023255, 0.8372093023255814, 0.8372093023255814, 0.8488372093023255, 0.8488372093023255, 0.8488372093023255, 0.8488372093023255, 0.8488372093023255, 0.8488372093023255, 0.8488372093023255, 0.8488372093023255, 0.8372093023255814, 0.8372093023255814, 0.8372093023255814, 0.8372093023255814, 0.8372093023255814, 0.8372093023255814, 0.8488372093023255, 0.8488372093023255, 0.8488372093023255, 0.8488372093023255, 0.8488372093023255, 0.8488372093023255, 0.8488372093023255, 0.8488372093023255, 0.8488372093023255, 0.8488372093023255, 0.8488372093023255, 0.8488372093023255, 0.8488372093023255, 0.8488372093023255, 0.8488372093023255, 0.8488372093023255]}