{"train_loss": [1.365426242351532, 1.2452199459075928, 1.1986744403839111, 1.2329801321029663, 1.2060807347297668, 1.194765329360962, 1.1569624543190002, 1.146196961402893, 1.1485704183578491, 1.1483351588249207, 1.1374086737632751, 1.1432942152023315, 1.113739013671875, 1.1214789748191833, 1.1103545427322388, 1.1030296683311462, 1.108333945274353, 1.0982381701469421, 1.0945077538490295, 1.096177577972412, 1.0702816247940063, 1.058983325958252, 1.0766701102256775, 1.0710670948028564, 1.075938105583191, 1.0650810599327087, 1.0502369403839111, 1.0408856868743896, 1.0540716052055359, 1.0442161560058594, 1.041990578174591, 1.0235503911972046, 1.027577519416809, 1.0385538935661316, 1.0111488699913025, 1.0473901629447937, 1.0101218223571777, 1.0118687152862549, 1.0049149990081787, 1.0023000836372375], "val_loss": [0.4889030456542969, 0.49071404337882996, 0.5118458867073059, 0.5303764939308167, 0.5322728753089905, 0.5229804515838623, 0.5097066164016724, 0.4976659417152405, 0.48940151929855347, 0.4837346076965332, 0.48033758997917175, 0.48007503151893616, 0.48159608244895935, 0.48585376143455505, 0.4915868043899536, 0.49587348103523254, 0.49573153257369995, 0.49212026596069336, 0.4865357577800751, 0.48053914308547974, 0.4764697849750519, 0.47725942730903625, 0.48105067014694214, 0.48422130942344666, 0.48468726873397827, 0.4813988208770752, 0.47860538959503174, 0.4762724041938782, 0.4764937460422516, 0.47625359892845154, 0.47665733098983765, 0.47775259613990784, 0.47912871837615967, 0.48053234815597534, 0.4804672300815582, 0.48227229714393616, 0.4804527759552002, 0.48000669479370117, 0.480557382106781, 0.48177993297576904], "train_acc": [0.8709677419354839, 0.8734491315136477, 0.8734491315136477, 0.8734491315136477, 0.8734491315136477, 0.8734491315136477, 0.8734491315136477, 0.8734491315136477, 0.8734491315136477, 0.8734491315136477, 0.8734491315136477, 0.8734491315136477, 0.8734491315136477, 0.8734491315136477, 0.8734491315136477, 0.8734491315136477, 0.8734491315136477, 0.8734491315136477, 0.8734491315136477, 0.8734491315136477, 0.8734491315136477, 0.8734491315136477, 0.8734491315136477, 0.8734491315136477, 0.8734491315136477, 0.8734491315136477, 0.8734491315136477, 0.8734491315136477, 0.8734491315136477, 0.8734491315136477, 0.8734491315136477, 0.8734491315136477, 0.8734491315136477, 0.8734491315136477, 0.8734491315136477, 0.8734491315136477, 0.8734491315136477, 0.8734491315136477, 0.8734491315136477, 0.8734491315136477], "val_acc": [0.8255813953488372, 0.8255813953488372, 0.8255813953488372, 0.8255813953488372, 0.8255813953488372, 0.8255813953488372, 0.8255813953488372, 0.8255813953488372, 0.8255813953488372, 0.8255813953488372, 0.8255813953488372, 0.8255813953488372, 0.8255813953488372, 0.8255813953488372, 0.8255813953488372, 0.8255813953488372, 0.8255813953488372, 0.8255813953488372, 0.8255813953488372, 0.8255813953488372, 0.8255813953488372, 0.8255813953488372, 0.8255813953488372, 0.8255813953488372, 0.8255813953488372, 0.8255813953488372, 0.8255813953488372, 0.8255813953488372, 0.8255813953488372, 0.8255813953488372, 0.8255813953488372, 0.8255813953488372, 0.8255813953488372, 0.8255813953488372, 0.8255813953488372, 0.8255813953488372, 0.8255813953488372, 0.8255813953488372, 0.8255813953488372, 0.8255813953488372]}