{"train_loss": [0.7300368547439575, 0.5243670344352722, 0.46306613087654114, 0.4076388478279114, 0.4015921652317047, 0.44571343064308167, 0.4350142776966095, 0.4669686257839203, 0.4360911250114441, 0.41684670746326447, 0.403539314866066, 0.40380406379699707, 0.41534675657749176], "val_loss": [0.5929315090179443, 0.5295448303222656, 0.5228762030601501, 0.5609105229377747, 0.6066292524337769, 0.6326983571052551, 0.6287313103675842, 0.6090834140777588, 0.583107054233551, 0.5593322515487671, 0.5401116013526917, 0.5287061333656311, 0.5241016745567322], "train_acc": [0.48883374689826303, 0.771712158808933, 0.8486352357320099, 0.8734491315136477, 0.8734491315136477, 0.8734491315136477, 0.8734491315136477, 0.8734491315136477, 0.8734491315136477, 0.8734491315136477, 0.8734491315136477, 0.8734491315136477, 0.8734491315136477], "val_acc": [0.8255813953488372, 0.8255813953488372, 0.8255813953488372, 0.8255813953488372, 0.8255813953488372, 0.8255813953488372, 0.8255813953488372, 0.8255813953488372, 0.8255813953488372, 0.8255813953488372, 0.8255813953488372, 0.8255813953488372, 0.8255813953488372]}