{"train_loss": [0.6533997058868408, 0.5086775422096252, 0.45488695800304413, 0.45718538761138916, 0.4256379306316376, 0.40973660349845886, 0.40122197568416595, 0.40428929030895233, 0.4123613089323044, 0.4318569749593735, 0.40464939177036285, 0.4235401302576065, 0.3885442465543747], "val_loss": [0.5662435293197632, 0.5263343453407288, 0.5196435451507568, 0.5284306406974792, 0.5435968041419983, 0.5585774779319763, 0.5699265003204346, 0.575377881526947, 0.5774255990982056, 0.5737525820732117, 0.5657811760902405, 0.5563464760780334, 0.5468663573265076], "train_acc": [0.6054590570719603, 0.8387096774193549, 0.8734491315136477, 0.8734491315136477, 0.8734491315136477, 0.8734491315136477, 0.8734491315136477, 0.8734491315136477, 0.8734491315136477, 0.8734491315136477, 0.8734491315136477, 0.8734491315136477, 0.8734491315136477], "val_acc": [0.8255813953488372, 0.8255813953488372, 0.8255813953488372, 0.8255813953488372, 0.8255813953488372, 0.8255813953488372, 0.8255813953488372, 0.8255813953488372, 0.8255813953488372, 0.8255813953488372, 0.8255813953488372, 0.8255813953488372, 0.8255813953488372]}