{"train_loss": [0.6439767777919769, 0.4603962153196335, 0.39748093485832214, 0.4140247404575348, 0.38966332376003265, 0.44469740986824036, 0.4182921499013901, 0.4171534776687622, 0.408380389213562, 0.3854799270629883, 0.36478450894355774, 0.37733399868011475, 0.3934122622013092, 0.37480977177619934, 0.3921920955181122, 0.3851713687181473, 0.37213367223739624, 0.3598267436027527, 0.3696087598800659, 0.3718872666358948, 0.3717062175273895, 0.36798781156539917, 0.35180841386318207, 0.3575042486190796, 0.3643563836812973, 0.3477887362241745, 0.34605757892131805, 0.34382329881191254, 0.34438396990299225, 0.3643793910741806, 0.35959339141845703, 0.3318743109703064, 0.3394836485385895, 0.34887365996837616, 0.3362305760383606, 0.3393971174955368, 0.34558089077472687, 0.3341579884290695, 0.3199595510959625, 0.31705211102962494, 0.3136673718690872, 0.30795009434223175, 0.3229561895132065, 0.3412412852048874, 0.305573433637619, 0.34419021010398865, 0.3126223683357239, 0.3197294622659683, 0.3139253407716751, 0.305063396692276, 0.2972511947154999, 0.31713666021823883, 0.29429490864276886, 0.3068982809782028, 0.3134976476430893, 0.30824676156044006, 0.30369406938552856, 0.3149634599685669, 0.31481601297855377, 0.31100884079933167, 0.2879781126976013, 0.28764238208532333, 0.3006795048713684, 0.30440375208854675, 0.2948201894760132, 0.2810429632663727, 0.3099551498889923, 0.2715332433581352, 0.30959220230579376, 0.2679238021373749, 0.28709930181503296, 0.2978677451610565, 0.2923883646726608, 0.28289657831192017, 0.2758125960826874, 0.27839145064353943, 0.2790289968252182, 0.2997245490550995, 0.2903883755207062, 0.2904103547334671, 0.2741275727748871, 0.29404276609420776, 0.2826300859451294, 0.2866998165845871, 0.2974287271499634, 0.30264411866664886, 0.2888256013393402, 0.2785698175430298, 0.30109941959381104, 0.29822149872779846, 0.2872644066810608, 0.27880798280239105, 0.28883881866931915, 0.27523135393857956, 0.28360433876514435, 0.2765801101922989, 0.28845667839050293, 0.2828402817249298, 0.27457139641046524, 0.2949705719947815], "val_loss": [0.5249837040901184, 0.5153743624687195, 0.5652359127998352, 0.6086757779121399, 0.6259354948997498, 0.6179357171058655, 0.5924482941627502, 0.5644118785858154, 0.5389057397842407, 0.5202054381370544, 0.5082781314849854, 0.5009796619415283, 0.4962649643421173, 0.49231889843940735, 0.48973599076271057, 0.48865020275115967, 0.4885447323322296, 0.49004170298576355, 0.49316033720970154, 0.4953996539115906, 0.4952196478843689, 0.4911138415336609, 0.485855370759964, 0.4811972379684448, 0.4758552610874176, 0.470658540725708, 0.46628209948539734, 0.4629278779029846, 0.46017128229141235, 0.4578433334827423, 0.4543280601501465, 0.4506820738315582, 0.44777849316596985, 0.4444257616996765, 0.4404119551181793, 0.4373498857021332, 0.4342760443687439, 0.43079909682273865, 0.42900902032852173, 0.427402526140213, 0.4258524775505066, 0.4252571165561676, 0.42469245195388794, 0.4215683937072754, 0.4178147315979004, 0.4136870503425598, 0.41012370586395264, 0.4071635901927948, 0.40484973788261414, 0.40284258127212524, 0.4008862376213074, 0.39976730942726135, 0.39735138416290283, 0.39512336254119873, 0.39209267497062683, 0.38900312781333923, 0.38629692792892456, 0.3833499252796173, 0.3811221420764923, 0.37953460216522217, 0.3775816559791565, 0.3761499226093292, 0.3754539489746094, 0.3742808401584625, 0.37351706624031067, 0.37278127670288086, 0.37221890687942505, 0.37094876170158386, 0.3702036738395691, 0.36934223771095276, 0.3688942790031433, 0.3683732748031616, 0.3679988980293274, 0.36785706877708435, 0.3678109347820282, 0.36770501732826233, 0.3674570620059967, 0.3669622242450714, 0.36624425649642944, 0.36575186252593994, 0.36538365483283997, 0.36532607674598694, 0.3652162551879883, 0.36509859561920166, 0.3651086986064911, 0.36499160528182983, 0.3647099733352661, 0.3644096851348877, 0.3641561269760132, 0.36394065618515015, 0.3637644350528717, 0.36357975006103516, 0.36345815658569336, 0.36334460973739624, 0.36328813433647156, 0.3632574677467346, 0.3632422685623169, 0.3632313311100006, 0.36322662234306335, 0.36322593688964844], "train_acc": [0.5558312655086849, 0.858560794044665, 0.8734491315136477, 0.8734491315136477, 0.8734491315136477, 0.8734491315136477, 0.8734491315136477, 0.8734491315136477, 0.8734491315136477, 0.8734491315136477, 0.8734491315136477, 0.8734491315136477, 0.8734491315136477, 0.8734491315136477, 0.8734491315136477, 0.8734491315136477, 0.8734491315136477, 0.8734491315136477, 0.8734491315136477, 0.8734491315136477, 0.8734491315136477, 0.8734491315136477, 0.8734491315136477, 0.8734491315136477, 0.8734491315136477, 0.8734491315136477, 0.8734491315136477, 0.8734491315136477, 0.8734491315136477, 0.8734491315136477, 0.8734491315136477, 0.8734491315136477, 0.8734491315136477, 0.8734491315136477, 0.8734491315136477, 0.8734491315136477, 0.8734491315136477, 0.8734491315136477, 0.8734491315136477, 0.8734491315136477, 0.8734491315136477, 0.8734491315136477, 0.8734491315136477, 0.8734491315136477, 0.8734491315136477, 0.8734491315136477, 0.8734491315136477, 0.8734491315136477, 0.8734491315136477, 0.8734491315136477, 0.8734491315136477, 0.8734491315136477, 0.8734491315136477, 0.8734491315136477, 0.8734491315136477, 0.8734491315136477, 0.8734491315136477, 0.8734491315136477, 0.8734491315136477, 0.8734491315136477, 0.8734491315136477, 0.8734491315136477, 0.8734491315136477, 0.8734491315136477, 0.8734491315136477, 0.8734491315136477, 0.8734491315136477, 0.8734491315136477, 0.8734491315136477, 0.8759305210918115, 0.8734491315136477, 0.8734491315136477, 0.8734491315136477, 0.8709677419354839, 0.8734491315136477, 0.8734491315136477, 0.8734491315136477, 0.8734491315136477, 0.8734491315136477, 0.8734491315136477, 0.8734491315136477, 0.8734491315136477, 0.8734491315136477, 0.8759305210918115, 0.8734491315136477, 0.8734491315136477, 0.8709677419354839, 0.8734491315136477, 0.8734491315136477, 0.8734491315136477, 0.8734491315136477, 0.8734491315136477, 0.8759305210918115, 0.8759305210918115, 0.8734491315136477, 0.8734491315136477, 0.8734491315136477, 0.8734491315136477, 0.8734491315136477, 0.8734491315136477],