{"train_loss": [0.7600826128669407, 0.6199289197507112, 0.5415295466132786, 0.4840262350828751, 0.4293549099694128, 0.3725709876288538, 0.3226887337539507, 0.2838469031064407, 0.24177127623039743, 0.21507334871136624, 0.17717089471609695, 0.15943167617787485, 0.1502615657189618, 0.12409667541151462, 0.11122597883576932, 0.10402923595646153, 0.09000956785419713, 0.07741467249782188, 0.06484805225678113, 0.06432927691418192, 0.06560204631608466, 0.05936834402382374, 0.0547194612900848, 0.04937886576289716, 0.045438129292882004, 0.04353861664624318, 0.04951109016395133], "val_loss": [0.7236671447753906, 0.6632879972457886, 0.7301865220069885, 0.7212716937065125, 0.821724534034729, 0.9727092385292053, 1.0057553052902222, 1.1393696069717407, 1.263495922088623, 1.566511631011963, 1.4713267087936401, 1.4293326139450073, 1.4857569932937622, 1.3462598323822021, 1.057551383972168, 0.9675807356834412, 1.2061002254486084, 0.9233679175376892, 0.9137710928916931, 1.0750271081924438, 1.295417308807373, 1.2417547702789307, 1.1857407093048096, 1.0493624210357666, 1.044934630393982, 0.9745742082595825, 1.0739082098007202], "train_acc": [0.5582575227431771, 0.6637508747375788, 0.7330300909727082, 0.7743177046885934, 0.8065080475857243, 0.8344996501049685, 0.8652904128761372, 0.8862841147655703, 0.9086773967809657, 0.9155003498950315, 0.9378936319104269, 0.9427921623512946, 0.9464660601819455, 0.9566130160951715, 0.9622113365990203, 0.9639608117564731, 0.9709587123862841, 0.9716585024492652, 0.9781315605318405, 0.9788313505948215, 0.9776067179846046, 0.9798810356892932, 0.981630510846746, 0.9819804058782365, 0.9830300909727082, 0.9846046186144157, 0.9842547235829251], "val_acc": [0.12428571428571429, 0.8757142857142857, 0.12428571428571429, 0.12428571428571429, 0.12428571428571429, 0.12428571428571429, 0.12428571428571429, 0.12428571428571429, 0.12428571428571429, 0.12428571428571429, 0.12428571428571429, 0.12428571428571429, 0.12428571428571429, 0.12428571428571429, 0.15571428571428572, 0.30428571428571427, 0.21, 0.39285714285714285, 0.46285714285714286, 0.4085714285714286, 0.3142857142857143, 0.3842857142857143, 0.44571428571428573, 0.5442857142857143, 0.5885714285714285, 0.6442857142857142, 0.64]}