{"train_loss": [1.4869850770286892, 1.2568699950757234, 0.9195347324661587, 0.7585997400076493, 0.6780678422554679, 0.6079858593318773, 0.5277722944384036, 0.4588486617026122, 0.4026219844818115, 0.36535341065862903, 0.3417596324630406, 0.313491543997889, 0.2851784319981285, 0.272926715405091, 0.25132351141908893, 0.22678884086401566, 0.2201772954152978, 0.19780169427394867, 0.18144537314124728, 0.16976827771767325, 0.16245969935603763, 0.15122975409030914, 0.14796586043160895, 0.1317704430092936, 0.1306049710382586, 0.11687113409456999, 0.11383819029383037, 0.10469001466813295, 0.1044212942538054, 0.08913544630226881, 0.09261743627164674, 0.09092526850493057, 0.08562618753184444, 0.07456855378721071, 0.0741597329792769, 0.07136109568502592, 0.06663508972396022, 0.06607625633478165, 0.05855434517497602, 0.06507501330064691, 0.05924804541079894, 0.05673113270946171, 0.05501690960448721, 0.05122854925044205, 0.04873100247072137, 0.04662531784371189, 0.04491647421989752, 0.044712641964788025, 0.037736131283252136, 0.04158870090285073, 0.048083359942488045, 0.04308676719665527, 0.03884947332351104, 0.03822648290382779, 0.03870911620881246, 0.03330458514392376, 0.03933319668083087, 0.03477826908878658, 0.035821374505758286, 0.035668293338107025, 0.029305919842875523, 0.031059163217635258, 0.030141014524776, 0.02801645288000936, 0.027451143397585205, 0.02643292923660382, 0.023325571142460987, 0.031213840105287407, 0.02678419293268867, 0.025265894182350323, 0.024193686595105606, 0.026905948944065883, 0.021604362794238587, 0.01959028540422087, 0.0218136512633899, 0.027859197119655815, 0.01687699584695308], "val_loss": [0.7009788155555725, 0.7052736282348633, 0.6329193115234375, 0.6048551201820374, 0.5665073990821838, 0.4780888557434082, 0.43031129240989685, 0.36080217361450195, 0.35128191113471985, 0.3003968596458435, 0.2762780785560608, 0.24556170403957367, 0.23501771688461304, 0.22686615586280823, 0.2267989218235016, 0.19916382431983948, 0.16335180401802063, 0.17988941073417664, 0.14519557356834412, 0.14580897986888885, 0.12174119055271149, 0.10928542912006378, 0.11691548675298691, 0.08847213536500931, 0.11203094571828842, 0.09854106605052948, 0.08361898362636566, 0.09121547639369965, 0.07712008059024811, 0.07319414615631104, 0.07743750512599945, 0.06683548539876938, 0.06303896009922028, 0.058259736746549606, 0.05684980750083923, 0.05413542687892914, 0.05299631878733635, 0.05195048823952675, 0.05026448890566826, 0.05206715688109398, 0.04575573652982712, 0.04710271582007408, 0.048584550619125366, 0.04223896563053131, 0.04404870793223381, 0.040347132831811905, 0.04676444083452225, 0.04842832311987877, 0.043400514870882034, 0.04442647844552994, 0.04345044121146202, 0.037809986621141434, 0.043273184448480606, 0.042862895876169205, 0.041402582079172134, 0.0426877960562706, 0.04456979036331177, 0.04031926393508911, 0.04083586111664772, 0.043122854083776474, 0.040902163833379745, 0.041861582547426224, 0.04277462512254715, 0.041225600987672806, 0.04331362992525101, 0.04120296984910965, 0.041676800698041916, 0.04100312292575836, 0.038146957755088806, 0.03976304084062576, 0.04101650416851044, 0.04161491617560387, 0.043774206191301346, 0.04118729010224342, 0.04076700285077095, 0.038282524794340134, 0.04369668290019035], "train_acc": [0.4956263121063681, 0.5069979006298111, 0.5349895031490552, 0.6068929321203639, 0.6880685794261722, 0.7585724282715185, 0.8040587823652904, 0.832925122463261, 0.8561931420573828, 0.8687893631910427, 0.872113365990203, 0.8820853743876836, 0.8959062281315605, 0.9011546536039188, 0.9085024492652204, 0.9210986703988804, 0.9273967809657103, 0.9310706787963611, 0.9401679496151155, 0.9434919524142757, 0.9406927921623512, 0.9494401679496152, 0.9510146955913226, 0.9592372288313505, 0.956962911126662, 0.9639608117564731, 0.9643107067879636, 0.9679846046186145, 0.9646606018194541, 0.9753324002799161, 0.9711336599020294, 0.9735829251224632, 0.9746326102169349, 0.9783065080475857, 0.978481455563331, 0.9786564030790763, 0.9800559832050385, 0.97778166550035, 0.9851294611616515, 0.9814555633310007, 0.9863540937718684, 0.9833799860041987, 0.9847795661301609, 0.9846046186144157, 0.9868789363191043, 0.9872288313505948, 0.9861791462561231, 0.9863540937718684, 0.9895031490552834, 0.9884534639608118, 0.9877536738978306, 0.9872288313505948, 0.9896780965710287, 0.989853044086774, 0.9891532540237928, 0.9919524142757172, 0.9900279916025192, 0.9895031490552834, 0.9912526242127362, 0.9896780965710287, 0.9923023093072079, 0.9909027291812457, 0.9914275717284815, 0.9921273617914625, 0.9923023093072079, 0.9919524142757172, 0.9930020993701889, 0.990552834149755, 0.9942267319804059, 0.9935269419174247, 0.9928271518544437, 0.9928271518544437, 0.9951014695591323, 0.9949265220433869, 0.9945766270118964, 0.991777466759972, 0.996850944716585], "val_acc": [0.49, 0.44, 0.7785714285714286, 0.79, 0.7871428571428571, 0.8428571428571429, 0.8457142857142858, 0.8528571428571429, 0.8685714285714285, 0.8742857142857143, 0.8728571428571429, 0.8771428571428571, 0.8785714285714286, 0.8814285714285715, 0.88, 0.9028571428571428, 0.9385714285714286, 0.9285714285714286, 0.9257142857142857, 0.93, 0.9457142857142857, 0.9585714285714285, 0.95, 0.9657142857142857, 0.9442857142857143, 0.9585714285714285, 0.9771428571428571, 0.9685714285714285, 0.9685714285714285, 0.98, 0.9685714285714285, 0.98, 0.9871428571428571, 0.9842857142857143, 0.98, 0.9885714285714285, 0.9914285714285714, 0.9885714285714285, 0.98, 0.9857142857142858, 0.9871428571428571, 0.9842857142857143, 0.9871428571428571, 0.9914285714285714, 0.9885714285714285, 0.9914285714285714, 0.9842857142857143, 0.9871428571428571, 0.9871428571428571, 0.99, 0.9914285714285714, 0.9914285714285714, 0.99, 0.9871428571428571, 0.9885714285714285, 0.9871428571428571, 0.9871428571428571, 0.9914285714285714, 0.9885714285714285, 0.9885714285714285, 0.9885714285714285, 0.9885714285714285, 0.9885714285714285, 0.9914285714285714, 0.9885714285714285, 0.9914285714285714, 0.9914285714285714, 0.9914285714285714, 0.9914285714285714, 0.9914285714285714, 0.9914285714285714, 0.9885714285714285, 0.9885714285714285, 0.9914285714285714, 0.9885714285714285, 0.9942857142857143, 0.9914285714285714]}