{"train_loss": [1.4033483862876892, 1.261878252029419, 1.2084959745407104, 1.2026957273483276, 1.201472520828247, 1.1870481967926025, 1.165141761302948, 1.1914691925048828, 1.1631096005439758, 1.1642686128616333, 1.1519728302955627, 1.1429561972618103, 1.1298574209213257, 1.1224966049194336, 1.1123507618904114, 1.0990285277366638, 1.098351001739502, 1.0960168838500977, 1.0817015171051025, 1.088698387145996, 1.0804979801177979, 1.0640611052513123, 1.0873468518257141, 1.0693126320838928, 1.06784987449646, 1.0579984188079834, 1.0572822093963623, 1.0693570375442505, 1.0395619869232178, 1.0494937300682068, 1.0377986431121826, 1.028651237487793], "val_loss": [0.5182144045829773, 0.5103954076766968, 0.5456238985061646, 0.5542707443237305, 0.5467925667762756, 0.5333783626556396, 0.5145699977874756, 0.5000911355018616, 0.48858073353767395, 0.4833731949329376, 0.48117756843566895, 0.48025351762771606, 0.4810611307621002, 0.4855460226535797, 0.4892307221889496, 0.49371159076690674, 0.4981643259525299, 0.4973532557487488, 0.49282756447792053, 0.48587164282798767, 0.47841134667396545, 0.47671225666999817, 0.4782405197620392, 0.47959262132644653, 0.4795773923397064, 0.47919702529907227, 0.47887954115867615, 0.4793812036514282, 0.47996294498443604, 0.48122599720954895, 0.48053252696990967, 0.48012807965278625], "train_acc": [0.7543424317617866, 0.8734491315136477, 0.8734491315136477, 0.8734491315136477, 0.8734491315136477, 0.8734491315136477, 0.8734491315136477, 0.8734491315136477, 0.8734491315136477, 0.8734491315136477, 0.8734491315136477, 0.8734491315136477, 0.8734491315136477, 0.8734491315136477, 0.8734491315136477, 0.8734491315136477, 0.8734491315136477, 0.8734491315136477, 0.8734491315136477, 0.8734491315136477, 0.8734491315136477, 0.8734491315136477, 0.8734491315136477, 0.8734491315136477, 0.8734491315136477, 0.8734491315136477, 0.8734491315136477, 0.8734491315136477, 0.8734491315136477, 0.8734491315136477, 0.8734491315136477, 0.8734491315136477], "val_acc": [0.8255813953488372, 0.8255813953488372, 0.8255813953488372, 0.8255813953488372, 0.8255813953488372, 0.8255813953488372, 0.8255813953488372, 0.8255813953488372, 0.8255813953488372, 0.8255813953488372, 0.8255813953488372, 0.8255813953488372, 0.8255813953488372, 0.8255813953488372, 0.8255813953488372, 0.8255813953488372, 0.8255813953488372, 0.8255813953488372, 0.8255813953488372, 0.8255813953488372, 0.8255813953488372, 0.8255813953488372, 0.8255813953488372, 0.8255813953488372, 0.8255813953488372, 0.8255813953488372, 0.8255813953488372, 0.8255813953488372, 0.8255813953488372, 0.8255813953488372, 0.8255813953488372, 0.8255813953488372]}