{"train_loss": [1.4970108529795771, 1.3308583238850469, 1.046667270038439, 0.8629055308259052, 0.7692831702854322, 0.7126796349235203, 0.6629861204520516, 0.6187801594319551, 0.5675836464633113, 0.5231818466082864, 0.4742435851822729, 0.42578271808831586, 0.38360076624414197, 0.3533855974674225, 0.3263084007346112, 0.29772933086623316, 0.27201313428256824, 0.2418269262365673, 0.23353507661301157, 0.210123255201008, 0.19846366086731787, 0.17776756247748499, 0.16221315899620886, 0.1494829444133717, 0.141627868556458, 0.13894908065381256, 0.12707737541717032, 0.11474468170300774, 0.10592000121655672, 0.10292329930740854, 0.09789541104565495, 0.09583835044632787, 0.08542658048479454, 0.0842499779942243, 0.08183124758627104, 0.07468396684397823, 0.07051144637491392, 0.06946113608453584, 0.06662773567697276, 0.06427871848901977, 0.06147432910359424, 0.06134303319065467, 0.057639042320458786, 0.05705361473171607, 0.052913031824257065, 0.05522529392138771, 0.04990279382985571, 0.05279776356790377, 0.048104516837907875, 0.0457269832815813, 0.04922839343223883, 0.04720901965123156, 0.045445310923716294, 0.04507033364928287, 0.05164861573797205, 0.04454818473238012, 0.03713329986709615, 0.036133591004687805, 0.03490944384880688, 0.039029063656926155, 0.03950306360164414, 0.03852118438352709, 0.03338619677916817, 0.03953830047470072, 0.03459134560240352, 0.03357778254734433, 0.037074336134221245, 0.033312049329928727, 0.03178450436857731, 0.030847028707680496, 0.0312377010350642, 0.03197921642466732, 0.02901616562967715, 0.03313071612754594, 0.03550256367610848, 0.03463303398988817, 0.02763374716691349, 0.028348594418038494, 0.029643016988816467, 0.02829892990057883, 0.030380457518217358, 0.02805117975272562, 0.030997631666452988], "val_loss": [0.6562361121177673, 0.7125283479690552, 0.6260167956352234, 0.6434571146965027, 0.6408088207244873, 0.6299782991409302, 0.5917477607727051, 0.570969820022583, 0.482928991317749, 0.4360877275466919, 0.3844945430755615, 0.3334023654460907, 0.29984718561172485, 0.2803341746330261, 0.26259326934814453, 0.21966888010501862, 0.1962350308895111, 0.16607286036014557, 0.15796610713005066, 0.16927404701709747, 0.13701388239860535, 0.11899013072252274, 0.103306844830513, 0.10640384256839752, 0.12294884026050568, 0.11099879443645477, 0.08570967614650726, 0.09809600561857224, 0.0833146944642067, 0.07003847509622574, 0.06975436955690384, 0.07198728621006012, 0.07076428830623627, 0.06641779094934464, 0.05840547755360603, 0.06253974139690399, 0.06521651148796082, 0.052137669175863266, 0.05003920570015907, 0.049907565116882324, 0.05155504122376442, 0.04983309656381607, 0.05188776180148125, 0.04493779316544533, 0.04733695834875107, 0.04045002907514572, 0.04758056625723839, 0.04514138773083687, 0.04082057997584343, 0.04572591930627823, 0.045473795384168625, 0.044320832937955856, 0.03980739042162895, 0.040378451347351074, 0.04108209162950516, 0.040466032922267914, 0.04061949625611305, 0.04106971621513367, 0.03597135841846466, 0.04207995906472206, 0.04034711420536041, 0.03717541694641113, 0.03313945606350899, 0.03436507284641266, 0.03611861169338226, 0.036269307136535645, 0.03959197923541069, 0.037342704832553864, 0.03580833598971367, 0.03859966993331909, 0.03787631541490555, 0.03506588935852051, 0.03794059902429581, 0.03758259490132332, 0.03808888792991638, 0.03952036798000336, 0.03912761062383652, 0.03431311994791031, 0.035906724631786346, 0.03584839031100273, 0.03561072051525116, 0.035532064735889435, 0.03556894138455391], "train_acc": [0.49982505248425474, 0.5080475857242828, 0.5062981105668299, 0.5314905528341498, 0.5806508047585724, 0.6422323303009098, 0.7039888033589923, 0.7433519944016795, 0.7743177046885934, 0.7970608817354794, 0.811406578026592, 0.8392232330300909, 0.8507697690692793, 0.872813156053184, 0.8866340097970609, 0.893631910426872, 0.9064030790762772, 0.9172498250524842, 0.9174247725682295, 0.93037088873338, 0.9345696291112666, 0.943666899930021, 0.9511896431070679, 0.9546885934219734, 0.9585374387683695, 0.9595871238628412, 0.9604618614415675, 0.9658852344296711, 0.9693841847445767, 0.9685094471658502, 0.9713086074177747, 0.9727081875437369, 0.9734079776067179, 0.9751574527641708, 0.9762071378586424, 0.9805808257522743, 0.9779566130160952, 0.981630510846746, 0.9846046186144157, 0.9828551434569629, 0.981630510846746, 0.9818054583624912, 0.9847795661301609, 0.9856543037088873, 0.9856543037088873, 0.9861791462561231, 0.986703988803359, 0.9858292512246326, 0.987928621413576, 0.9872288313505948, 0.9874037788663401, 0.9865290412876138, 0.9863540937718684, 0.9863540937718684, 0.9854793561931421, 0.9891532540237928, 0.9896780965710287, 0.9921273617914625, 0.9919524142757172, 0.9902029391182645, 0.9902029391182645, 0.9895031490552834, 0.9914275717284815, 0.9891532540237928, 0.9916025192442267, 0.9928271518544437, 0.9907277816655004, 0.9919524142757172, 0.9935269419174247, 0.9914275717284815, 0.991777466759972, 0.9919524142757172, 0.9926522043386984, 0.9916025192442267, 0.9910776766969909, 0.9916025192442267, 0.9931770468859342, 0.9928271518544437, 0.9933519944016795, 0.9928271518544437, 0.9921273617914625, 0.9930020993701889, 0.9931770468859342], "val_acc": [0.8742857142857143, 0.4057142857142857, 0.8628571428571429, 0.7742857142857142, 0.7514285714285714, 0.7285714285714285, 0.7928571428571428, 0.7542857142857143, 0.8057142857142857, 0.8171428571428572, 0.8371428571428572, 0.8771428571428571, 0.9014285714285715, 0.9014285714285715, 0.91, 0.9271428571428572, 0.9428571428571428, 0.9671428571428572, 0.97, 0.9642857142857143, 0.9728571428571429, 0.9828571428571429, 0.9857142857142858, 0.9757142857142858, 0.9785714285714285, 0.9742857142857143, 0.9857142857142858, 0.9771428571428571, 0.9857142857142858, 0.9871428571428571, 0.9871428571428571, 0.9885714285714285, 0.9885714285714285, 0.9885714285714285, 0.9885714285714285, 0.9885714285714285, 0.9871428571428571, 0.9885714285714285, 0.9885714285714285, 0.9885714285714285, 0.9885714285714285, 0.9885714285714285, 0.9885714285714285, 0.9857142857142858, 0.9885714285714285, 0.9885714285714285, 0.9885714285714285, 0.9885714285714285, 0.9885714285714285, 0.9885714285714285, 0.9885714285714285, 0.9885714285714285, 0.9885714285714285, 0.9885714285714285, 0.9885714285714285, 0.9914285714285714, 0.99, 0.99, 0.9914285714285714, 0.9914285714285714, 0.9914285714285714, 0.9914285714285714, 0.9914285714285714, 0.99, 0.99, 0.9914285714285714, 0.9914285714285714, 0.9914285714285714, 0.99, 0.9914285714285714, 0.9914285714285714, 0.9914285714285714, 0.9914285714285714, 0.9914285714285714, 0.9914285714285714, 0.9914285714285714, 0.9914285714285714, 0.9942857142857143, 0.9914285714285714, 0.9914285714285714, 0.9914285714285714, 0.9914285714285714, 0.9914285714285714]}