{"train_loss": [0.4491318166255951, 0.4125611037015915, 0.425179123878479, 0.4113887846469879, 0.409396156668663, 0.4058433771133423, 0.3976764529943466, 0.4358498156070709, 0.42186522483825684, 0.4063553065061569, 0.4092720150947571, 0.4046849012374878, 0.3982960432767868, 0.4097514748573303, 0.3823176771402359, 0.4014923423528671, 0.40487946569919586, 0.38091886043548584, 0.39447858929634094, 0.4061024487018585], "val_loss": [0.5504248142242432, 0.6060106754302979, 0.6270368099212646, 0.6153678894042969, 0.5918282270431519, 0.5688756704330444, 0.5530762672424316, 0.5451871156692505, 0.538364589214325, 0.5347620248794556, 0.5352403521537781, 0.5379154086112976, 0.5421856045722961, 0.5461455583572388, 0.5476610064506531, 0.5480929017066956, 0.5480731129646301, 0.5458751916885376, 0.5425288081169128, 0.5385093092918396], "train_acc": [0.8610421836228288, 0.8734491315136477, 0.8734491315136477, 0.8734491315136477, 0.8734491315136477, 0.8734491315136477, 0.8734491315136477, 0.8734491315136477, 0.8734491315136477, 0.8734491315136477, 0.8734491315136477, 0.8734491315136477, 0.8734491315136477, 0.8734491315136477, 0.8734491315136477, 0.8734491315136477, 0.8734491315136477, 0.8734491315136477, 0.8734491315136477, 0.8734491315136477], "val_acc": [0.8255813953488372, 0.8255813953488372, 0.8255813953488372, 0.8255813953488372, 0.8255813953488372, 0.8255813953488372, 0.8255813953488372, 0.8255813953488372, 0.8255813953488372, 0.8255813953488372, 0.8255813953488372, 0.8255813953488372, 0.8255813953488372, 0.8255813953488372, 0.8255813953488372, 0.8255813953488372, 0.8255813953488372, 0.8255813953488372, 0.8255813953488372, 0.8255813953488372]}