{"train_loss": [0.6936112409052642, 0.6932801682016124, 0.6930619426395582, 0.6930333375930786, 0.6928546921066616, 0.6922988140064738, 0.6874084550401439, 0.6745252972063811, 0.6262434876483419, 0.5693619873212732, 0.5496235023374143, 0.5367558533730714, 0.535172322522039, 0.5163949157880701, 0.5094922314519468, 0.5086106010105299, 0.49903978472170624, 0.49360089716704, 0.49560039587642835, 0.48235351754271466, 0.48338892796765204, 0.4802478279756463, 0.47678217939708545, 0.4721124871917393, 0.4680595812590226, 0.46943736465080926, 0.46585314170173975, 0.46772007449813513, 0.4646600277527519, 0.4583761445854021, 0.4617360726646755, 0.4592677056789398, 0.46030837556590204, 0.45394053148186725, 0.4554551775040834, 0.4556429101073224, 0.4538392437540967, 0.44907199429429095, 0.4535456196121547, 0.4522449594476949, 0.45297160615091736, 0.44906682942224585, 0.44486063718795776, 0.4532197221465733, 0.44974058866500854, 0.44705262780189514, 0.4465995405031287], "val_loss": [0.686406135559082, 0.6954711675643921, 0.6932619214057922, 0.6831381916999817, 0.6863345503807068, 0.6940632462501526, 0.6863581538200378, 0.6885573267936707, 0.5955346822738647, 0.5904603004455566, 0.5810537338256836, 0.5416670441627502, 0.5103248953819275, 0.5510010123252869, 0.5969449877738953, 0.545091450214386, 0.529273271560669, 0.5013003945350647, 0.5266183614730835, 0.49485310912132263, 0.5449928641319275, 0.5469533205032349, 0.5138606429100037, 0.5333512425422668, 0.5202710628509521, 0.5273643732070923, 0.46095937490463257, 0.5166313052177429, 0.519844114780426, 0.5212903618812561, 0.5045944452285767, 0.5115227699279785, 0.5153476595878601, 0.5019475221633911, 0.5207762122154236, 0.49107640981674194, 0.5015556812286377, 0.4844984710216522, 0.4915395975112915, 0.5113365650177002, 0.4842265248298645, 0.5007068514823914, 0.5123850703239441, 0.5041128993034363, 0.4955185353755951, 0.49045175313949585, 0.5018100738525391], "train_acc": [0.4888033589923023, 0.4938768369489153, 0.5062981105668299, 0.501924422673198, 0.5040237928621414, 0.5166200139958013, 0.5160951714485654, 0.5858992302309307, 0.6852694191742478, 0.7146606018194541, 0.7300559832050385, 0.7339048285514346, 0.7337298810356893, 0.7445766270118964, 0.7402029391182645, 0.7463261021693492, 0.7552484254723583, 0.7541987403778866, 0.7534989503149055, 0.7659202239328201, 0.7641707487753674, 0.7610216934919524, 0.7659202239328201, 0.7694191742477257, 0.771518544436669, 0.7716934919524143, 0.7732680195941217, 0.7694191742477257, 0.7788663400979706, 0.7708187543736879, 0.7755423372988104, 0.7771168649405178, 0.7769419174247726, 0.7807907627711687, 0.7788663400979706, 0.7793911826452065, 0.777816655003499, 0.7821903428971309, 0.7834149755073478, 0.7820153953813855, 0.7802659202239328, 0.7827151854443667, 0.7806158152554233, 0.7820153953813855, 0.7814905528341498, 0.7842897130860742, 0.7863890832750174], "val_acc": [0.8757142857142857, 0.3, 0.5085714285714286, 0.85, 0.7, 0.4585714285714286, 0.6128571428571429, 0.6557142857142857, 0.6557142857142857, 0.6371428571428571, 0.6271428571428571, 0.6271428571428571, 0.6271428571428571, 0.6271428571428571, 0.6085714285714285, 0.6057142857142858, 0.6114285714285714, 0.6128571428571429, 0.61, 0.6071428571428571, 0.6042857142857143, 0.6014285714285714, 0.6042857142857143, 0.6057142857142858, 0.6042857142857143, 0.6042857142857143, 0.6042857142857143, 0.6042857142857143, 0.62, 0.62, 0.6185714285714285, 0.62, 0.6257142857142857, 0.6257142857142857, 0.6257142857142857, 0.6257142857142857, 0.6285714285714286, 0.6257142857142857, 0.6257142857142857, 0.6357142857142857, 0.6357142857142857, 0.6257142857142857, 0.6357142857142857, 0.6257142857142857, 0.6357142857142857, 0.6357142857142857, 0.6357142857142857]}