{"train_loss": [1.8409444093704224, 1.5242365598678589, 1.3534855842590332, 1.2815268635749817, 1.2093815803527832, 1.1892057657241821, 1.1811155080795288, 1.1981449127197266, 1.1775985360145569, 1.1651312112808228, 1.1597298383712769, 1.1639745235443115, 1.1613118052482605, 1.1366760730743408, 1.1326901316642761, 1.120345115661621, 1.1393864154815674, 1.124674379825592, 1.1362289786338806, 1.1220717430114746, 1.1008790135383606, 1.0952398777008057, 1.0655009746551514, 1.0799747705459595, 1.0719866752624512, 1.0658491849899292, 1.0560601949691772, 1.0584779977798462], "val_loss": [0.7434795498847961, 0.6031675934791565, 0.537039041519165, 0.5041754841804504, 0.49979594349861145, 0.5119470357894897, 0.5247137546539307, 0.5311710238456726, 0.5317232012748718, 0.5274649262428284, 0.5167598128318787, 0.5038866400718689, 0.49285534024238586, 0.48459917306900024, 0.4795246422290802, 0.47742241621017456, 0.4766767621040344, 0.4764437675476074, 0.4779265522956848, 0.47964993119239807, 0.48148611187934875, 0.4822542369365692, 0.4810453951358795, 0.48075219988822937, 0.4800884425640106, 0.4796348512172699, 0.47869518399238586, 0.4776749610900879], "train_acc": [0.15384615384615385, 0.5086848635235732, 0.8188585607940446, 0.8660049627791563, 0.8759305210918115, 0.8734491315136477, 0.8734491315136477, 0.8734491315136477, 0.8734491315136477, 0.8734491315136477, 0.8734491315136477, 0.8734491315136477, 0.8734491315136477, 0.8734491315136477, 0.8734491315136477, 0.8734491315136477, 0.8734491315136477, 0.8734491315136477, 0.8734491315136477, 0.8734491315136477, 0.8734491315136477, 0.8734491315136477, 0.8734491315136477, 0.8734491315136477, 0.8734491315136477, 0.8734491315136477, 0.8734491315136477, 0.8734491315136477], "val_acc": [0.37209302325581395, 0.7441860465116279, 0.813953488372093, 0.8255813953488372, 0.8255813953488372, 0.8255813953488372, 0.8255813953488372, 0.8255813953488372, 0.8255813953488372, 0.8255813953488372, 0.8255813953488372, 0.8255813953488372, 0.8255813953488372, 0.8255813953488372, 0.8255813953488372, 0.8255813953488372, 0.8255813953488372, 0.8255813953488372, 0.8255813953488372, 0.8255813953488372, 0.8255813953488372, 0.8255813953488372, 0.8255813953488372, 0.8255813953488372, 0.8255813953488372, 0.8255813953488372, 0.8255813953488372, 0.8255813953488372]}