{"train_loss": [1.5960413813591003, 1.3720959424972534, 1.2782590985298157, 1.2372485399246216, 1.2349948287010193, 1.2516487836837769, 1.2181410193443298, 1.2405230402946472, 1.2091993689537048, 1.190413236618042, 1.1570103168487549, 1.1568361520767212, 1.1707569360733032, 1.140209674835205, 1.151041030883789, 1.1504998803138733, 1.1137809753417969, 1.1136575937271118, 1.1154825687408447, 1.115538775920868, 1.1049489378929138], "val_loss": [0.5950489640235901, 0.5158864259719849, 0.5057300925254822, 0.5308231711387634, 0.5495712161064148, 0.5464273691177368, 0.5262395143508911, 0.5065963864326477, 0.4929598569869995, 0.48649850487709045, 0.4841211140155792, 0.48538410663604736, 0.4912635385990143, 0.4982436001300812, 0.5034839510917664, 0.503818929195404, 0.49913299083709717, 0.4943391680717468, 0.4900820851325989, 0.487718790769577, 0.4864479899406433], "train_acc": [0.3970223325062035, 0.8560794044665012, 0.8734491315136477, 0.8734491315136477, 0.8734491315136477, 0.8734491315136477, 0.8734491315136477, 0.8734491315136477, 0.8734491315136477, 0.8734491315136477, 0.8734491315136477, 0.8734491315136477, 0.8734491315136477, 0.8734491315136477, 0.8734491315136477, 0.8734491315136477, 0.8734491315136477, 0.8734491315136477, 0.8734491315136477, 0.8734491315136477, 0.8734491315136477], "val_acc": [0.8255813953488372, 0.8255813953488372, 0.8255813953488372, 0.8255813953488372, 0.8255813953488372, 0.8255813953488372, 0.8255813953488372, 0.8255813953488372, 0.8255813953488372, 0.8255813953488372, 0.8255813953488372, 0.8255813953488372, 0.8255813953488372, 0.8255813953488372, 0.8255813953488372, 0.8255813953488372, 0.8255813953488372, 0.8255813953488372, 0.8255813953488372, 0.8255813953488372, 0.8255813953488372]}