{
  "mlp_baseline": {
    "test_id": {
      "win_loss_accuracy": {
        "mean": 0.8538461538461538,
        "std": 0.05014245014245011,
        "values": [
          0.7535612535612536,
          0.8789173789173789,
          0.8789173789173789,
          0.8789173789173789,
          0.8789173789173789
        ]
      }
    },
    "test_ood_heaps": {
      "win_loss_accuracy": {
        "mean": 0.8375199999999999,
        "std": 0.07596015797771884,
        "values": [
          0.6856,
          0.8756,
          0.8756,
          0.8752,
          0.8756
        ]
      }
    },
    "test_ood_sizes": {
      "win_loss_accuracy": {
        "mean": 0.8886558219178082,
        "std": 8.561643835620636e-05,
        "values": [
          0.8884845890410958,
          0.8886986301369864,
          0.8886986301369864,
          0.8886986301369864,
          0.8886986301369864
        ]
      }
    },
    "test_ood_both": {
      "win_loss_accuracy": {
        "mean": 0.9365600000000001,
        "std": 0.011080000000000024,
        "values": [
          0.9144,
          0.9421,
          0.9421,
          0.9421,
          0.9421
        ]
      }
    },
    "optimal_move_rate": {
      "mean": 0.18022690437601296,
      "std": 0.02923458382077014
    }
  },
  "cgt_net": {
    "test_id": {
      "win_loss_accuracy": {
        "mean": 0.9943019943019943,
        "std": 0.0,
        "values": [
          0.9943019943019943
        ]
      },
      "grundy_accuracy": {
        "mean": 0.9999999999963195,
        "std": 0.0,
        "values": [
          0.9999999999963195
        ]
      }
    },
    "test_ood_heaps": {
      "win_loss_accuracy": {
        "mean": 0.842,
        "std": 0.0,
        "values": [
          0.842
        ]
      },
      "grundy_accuracy": {
        "mean": 0.9999999999998183,
        "std": 0.0,
        "values": [
          0.9999999999998183
        ]
      }
    },
    "test_ood_sizes": {
      "win_loss_accuracy": {
        "mean": 0.871361301369863,
        "std": 0.0,
        "values": [
          0.871361301369863
        ]
      },
      "grundy_accuracy": {
        "mean": 0.0,
        "std": 0.0,
        "values": [
          0.0
        ]
      }
    },
    "test_ood_both": {
      "win_loss_accuracy": {
        "mean": 0.9421,
        "std": 0.0,
        "values": [
          0.9421
        ]
      },
      "grundy_accuracy": {
        "mean": 0.0,
        "std": 0.0,
        "values": [
          0.0
        ]
      }
    },
    "optimal_move_rate": {
      "mean": 1.0,
      "std": 0.0
    }
  }
}