{"train_loss": [0.9187912046909332, 0.5380354076623917, 0.4029766172170639, 0.43826229870319366, 0.44440169632434845, 0.4333026558160782, 0.4052450656890869, 0.38594381511211395, 0.40588466823101044, 0.39990177750587463, 0.3734133094549179, 0.37521369755268097, 0.3727686405181885, 0.3779406249523163, 0.37565214931964874, 0.36840395629405975, 0.3685362786054611, 0.370261013507843, 0.36986611783504486, 0.37691567838191986, 0.3530943989753723, 0.3625481426715851, 0.3645673096179962, 0.3568519353866577, 0.37468598783016205, 0.35489173233509064], "val_loss": [0.5991685390472412, 0.5050766468048096, 0.5306432843208313, 0.5874288082122803, 0.621600329875946, 0.6246187090873718, 0.6066482663154602, 0.5804048776626587, 0.554294764995575, 0.5309394001960754, 0.5129072666168213, 0.5018682479858398, 0.49535423517227173, 0.4916265606880188, 0.48942700028419495, 0.488606333732605, 0.489015132188797, 0.49132439494132996, 0.4951043128967285, 0.4996054768562317, 0.5037752985954285, 0.5066316723823547, 0.5072527527809143, 0.5039754509925842, 0.4986775517463684, 0.49242284893989563], "train_acc": [0.23325062034739455, 0.7890818858560794, 0.8759305210918115, 0.8734491315136477, 0.8734491315136477, 0.8734491315136477, 0.8734491315136477, 0.8734491315136477, 0.8734491315136477, 0.8734491315136477, 0.8734491315136477, 0.8734491315136477, 0.8734491315136477, 0.8734491315136477, 0.8734491315136477, 0.8734491315136477, 0.8734491315136477, 0.8734491315136477, 0.8734491315136477, 0.8734491315136477, 0.8734491315136477, 0.8734491315136477, 0.8734491315136477, 0.8734491315136477, 0.8734491315136477, 0.8734491315136477], "val_acc": [0.8255813953488372, 0.8255813953488372, 0.8255813953488372, 0.8255813953488372, 0.8255813953488372, 0.8255813953488372, 0.8255813953488372, 0.8255813953488372, 0.8255813953488372, 0.8255813953488372, 0.8255813953488372, 0.8255813953488372, 0.8255813953488372, 0.8255813953488372, 0.8255813953488372, 0.8255813953488372, 0.8255813953488372, 0.8255813953488372, 0.8255813953488372, 0.8255813953488372, 0.8255813953488372, 0.8255813953488372, 0.8255813953488372, 0.8255813953488372, 0.8255813953488372, 0.8255813953488372]}