{"train_loss": [0.7957208027010378, 0.6375915589539901, 0.5541818997134333, 0.5132378521172897, 0.4535455988801044, 0.4105407919572747, 0.3552603501340617, 0.31737397416778235, 0.2834552370983621, 0.2593418294968812, 0.22475125413873923, 0.19339924597221872, 0.16895071935394537, 0.14912137389183044, 0.14491142591704492, 0.12804355569507764, 0.1092713374806487, 0.10586473702088646, 0.08849040548438611, 0.07969777026902074, 0.0765125537696092, 0.069405945746795, 0.07159480322962222, 0.06348025588237721, 0.053545873450196305, 0.050817113207734146, 0.048213185337574585, 0.04780550811277783, 0.039665444551602654, 0.04487134645814481, 0.041223879903554916, 0.04206149037117544, 0.035781537344598255, 0.037275447388706, 0.03489408407198346, 0.03236932684060024, 0.02431149298892073, 0.03031701347588197, 0.02903736184310654, 0.02705158009801222], "val_loss": [0.6797242760658264, 0.6990694999694824, 0.6443203091621399, 0.6125320196151733, 0.5713396072387695, 0.6355549693107605, 0.6096534729003906, 0.5832226276397705, 0.6235454082489014, 0.5468458533287048, 0.4998217821121216, 0.5026087760925293, 0.5186318755149841, 0.49679312109947205, 0.4093567728996277, 0.5335783958435059, 0.5328199863433838, 0.48112523555755615, 0.6270793080329895, 0.4905203580856323, 0.5739396214485168, 0.6701568365097046, 0.7501444816589355, 0.6849504113197327, 0.7074181437492371, 0.8266527652740479, 0.9392123222351074, 0.9910690784454346, 1.0646297931671143, 1.1903458833694458, 1.1749224662780762, 1.1712104082107544, 1.2979851961135864, 1.375718355178833, 1.3132554292678833, 1.3965468406677246, 1.4353117942810059, 1.410213589668274, 1.419723629951477, 1.4505566358566284], "train_acc": [0.5292162351294611, 0.6352344296710987, 0.7157102869139258, 0.748075577326802, 0.7939118264520644, 0.8184044786564031, 0.8526941917424773, 0.8752624212736179, 0.8864590622813157, 0.8995801259622114, 0.9106018194541637, 0.9315955213435969, 0.9356193142057383, 0.9447165850244926, 0.9503149055283415, 0.9559132260321903, 0.9602869139258222, 0.9613365990202939, 0.9718334499650105, 0.9741077676696991, 0.9748075577326802, 0.9758572428271518, 0.9753324002799161, 0.9772568229531141, 0.9830300909727082, 0.9833799860041987, 0.9826801959412176, 0.983554933519944, 0.9888033589923023, 0.9849545136459062, 0.9856543037088873, 0.9870538838348496, 0.9895031490552834, 0.9872288313505948, 0.9881035689293212, 0.9889783065080476, 0.9930020993701889, 0.9891532540237928, 0.9910776766969909, 0.9907277816655004], "val_acc": [0.8757142857142857, 0.13857142857142857, 0.8757142857142857, 0.8757142857142857, 0.8757142857142857, 0.8757142857142857, 0.8757142857142857, 0.8757142857142857, 0.8757142857142857, 0.8757142857142857, 0.8757142857142857, 0.8757142857142857, 0.8714285714285714, 0.8685714285714285, 0.8757142857142857, 0.8414285714285714, 0.8242857142857143, 0.8528571428571429, 0.67, 0.8357142857142857, 0.7657142857142857, 0.6671428571428571, 0.6385714285714286, 0.7514285714285714, 0.7685714285714286, 0.71, 0.6814285714285714, 0.7442857142857143, 0.74, 0.7342857142857143, 0.7585714285714286, 0.7714285714285715, 0.7842857142857143, 0.7785714285714286, 0.7942857142857143, 0.7885714285714286, 0.7928571428571428, 0.7828571428571428, 0.7914285714285715, 0.81]}