{"train_loss": [0.5694962739944458, 0.41258396208286285, 0.4050288051366806, 0.4216897487640381, 0.4070153534412384, 0.42103613913059235, 0.39035356044769287, 0.3833629786968231, 0.3735295832157135, 0.37088581919670105, 0.36385378241539, 0.40013357996940613, 0.384375661611557, 0.3829285204410553, 0.4023372232913971, 0.3680576831102371, 0.38343940675258636, 0.37593166530132294, 0.37765511870384216, 0.38616102933883667, 0.3577030599117279, 0.3593733608722687, 0.3298049122095108, 0.35012464225292206, 0.3451562970876694, 0.3465861529111862, 0.33432962000370026, 0.3388669043779373, 0.34284596145153046, 0.3418456017971039, 0.34085914492607117, 0.3281404823064804, 0.3273511379957199, 0.32858459651470184, 0.32662706077098846, 0.3386167138814926, 0.3202482908964157, 0.3209264278411865, 0.33839745819568634, 0.319313108921051, 0.3052352964878082, 0.304451659321785, 0.3384860008955002, 0.313388392329216, 0.3159705847501755, 0.31123729050159454, 0.30654074251651764, 0.29237112402915955, 0.30395637452602386, 0.31532222032546997, 0.2965632826089859, 0.2884521335363388, 0.30371275544166565, 0.2981451749801636, 0.29684978723526, 0.3005341440439224, 0.30194415152072906, 0.29134002327919006, 0.2941156104207039, 0.28520773351192474, 0.28286437690258026, 0.28759634494781494, 0.2872937172651291, 0.280483677983284, 0.26732149720191956, 0.2717181593179703, 0.2908421456813812, 0.28055258095264435, 0.2764952629804611, 0.26647383719682693, 0.2764790207147598, 0.2815953195095062, 0.2639996185898781, 0.27618712931871414, 0.2696034163236618, 0.25810206681489944, 0.2626291438937187, 0.2580549716949463, 0.2698794826865196, 0.26712168753147125, 0.27807193994522095, 0.26726892590522766, 0.2800428867340088, 0.2639037221670151, 0.26603929698467255, 0.2740401327610016, 0.27016299962997437, 0.2814430743455887, 0.2728222459554672, 0.2722977548837662, 0.27099622040987015, 0.26350054144859314, 0.2563874423503876, 0.2775137424468994, 0.27150776237249374, 0.2631565034389496, 0.26186030358076096, 0.2686198949813843, 0.28167590498924255, 0.2686145007610321], "val_loss": [0.5128828287124634, 0.5186220407485962, 0.5743648409843445, 0.6078583598136902, 0.6047536134719849, 0.5818952322006226, 0.5525004863739014, 0.526192307472229, 0.5083823204040527, 0.4969656765460968, 0.490992933511734, 0.4866737425327301, 0.4828142523765564, 0.47975674271583557, 0.47713860869407654, 0.47501125931739807, 0.474211722612381, 0.4726863205432892, 0.4700740575790405, 0.46591612696647644, 0.4596841633319855, 0.4533316493034363, 0.4483608305454254, 0.4446851909160614, 0.44151249527931213, 0.4379635751247406, 0.4340795576572418, 0.43246957659721375, 0.4310876727104187, 0.42932847142219543, 0.4277667701244354, 0.426769882440567, 0.4244979918003082, 0.4225732684135437, 0.4201147258281708, 0.4165065586566925, 0.41218242049217224, 0.40776488184928894, 0.403918594121933, 0.4002367854118347, 0.3974052667617798, 0.39561307430267334, 0.39399975538253784, 0.3906826674938202, 0.38784945011138916, 0.3851586580276489, 0.3827323615550995, 0.3802175223827362, 0.37883466482162476, 0.3770585060119629, 0.37517663836479187, 0.3732847273349762, 0.37134936451911926, 0.3686566948890686, 0.3658246695995331, 0.3632146120071411, 0.36100444197654724, 0.3593113124370575, 0.3585989475250244, 0.35748231410980225, 0.35679760575294495, 0.35613709688186646, 0.35517483949661255, 0.3538350760936737, 0.3528277277946472, 0.35228094458580017, 0.3513167202472687, 0.34990862011909485, 0.34826675057411194, 0.3469734489917755, 0.3463782072067261, 0.34551385045051575, 0.3447509706020355, 0.3442462086677551, 0.3433346450328827, 0.34250810742378235, 0.3417815864086151, 0.34132105112075806, 0.34089499711990356, 0.3403899073600769, 0.33978816866874695, 0.3392294645309448, 0.33875736594200134, 0.33835917711257935, 0.3380908966064453, 0.3378904461860657, 0.3377024829387665, 0.3375336527824402, 0.3374192416667938, 0.33725810050964355, 0.3371351957321167, 0.3370211720466614, 0.3369724750518799, 0.3369433283805847, 0.3369144797325134, 0.33688992261886597, 0.33687612414360046, 0.3368756175041199, 0.33687302470207214, 0.3368723690509796], "train_acc": [0.7444168734491315, 0.8734491315136477, 0.8734491315136477, 0.8734491315136477, 0.8734491315136477, 0.8734491315136477, 0.8734491315136477, 0.8734491315136477, 0.8734491315136477, 0.8734491315136477, 0.8734491315136477, 0.8734491315136477, 0.8734491315136477, 0.8734491315136477, 0.8734491315136477, 0.8734491315136477, 0.8734491315136477, 0.8734491315136477, 0.8734491315136477, 0.8734491315136477, 0.8734491315136477, 0.8734491315136477, 0.8734491315136477, 0.8734491315136477, 0.8734491315136477, 0.8734491315136477, 0.8734491315136477, 0.8734491315136477, 0.8734491315136477, 0.8734491315136477, 0.8734491315136477, 0.8734491315136477, 0.8734491315136477, 0.8734491315136477, 0.8734491315136477, 0.8734491315136477, 0.8734491315136477, 0.8734491315136477, 0.8734491315136477, 0.8734491315136477, 0.8734491315136477, 0.8734491315136477, 0.8734491315136477, 0.8734491315136477, 0.8734491315136477, 0.8734491315136477, 0.8734491315136477, 0.8734491315136477, 0.8734491315136477, 0.8734491315136477, 0.8734491315136477, 0.8734491315136477, 0.8734491315136477, 0.8734491315136477, 0.8734491315136477, 0.8734491315136477, 0.8709677419354839, 0.8709677419354839, 0.8759305210918115, 0.8734491315136477, 0.8709677419354839, 0.8709677419354839, 0.8784119106699751, 0.8734491315136477, 0.8784119106699751, 0.8759305210918115, 0.8734491315136477, 0.8734491315136477, 0.8709677419354839, 0.8734491315136477, 0.8734491315136477, 0.8734491315136477, 0.8734491315136477, 0.8759305210918115, 0.8759305210918115, 0.8734491315136477, 0.8734491315136477, 0.8759305210918115, 0.8734491315136477, 0.8759305210918115, 0.8784119106699751, 0.8759305210918115, 0.8734491315136477, 0.8709677419354839, 0.8759305210918115, 0.8808933002481389, 0.8709677419354839, 0.8784119106699751, 0.8784119106699751, 0.8684863523573201, 0.8734491315136477, 0.8734491315136477, 0.8808933002481389, 0.8734491315136477, 0.8709677419354839, 0.8759305210918115, 0.8734491315136477, 0.8709677419354839, 0.8734491315136477, 0.8759305210918115],