{"train_loss": [0.7717432898023854, 0.6258960107098455, 0.5421279305997102, 0.4801625026308972, 0.4098343654819157, 0.36093273240586987, 0.3215140182039012, 0.283458372173102, 0.2608866037234016, 0.24442935832168744, 0.2019687418056571, 0.17433633687703506, 0.14455284210650818, 0.14446463079556174, 0.12341737617617068, 0.1044858451122823, 0.09437087761319202, 0.08323497389969618, 0.08376328307001488, 0.06689954176545143, 0.05455190704568573, 0.04782568153155887, 0.048991960756804634, 0.05508300046557966, 0.04463361883940904, 0.043906446951239006, 0.03624547807418782], "val_loss": [0.6884678602218628, 0.6382550597190857, 0.6672285199165344, 0.6895908117294312, 0.7326909303665161, 0.7853757739067078, 0.8701317310333252, 0.773902416229248, 0.817046046257019, 0.7320054173469543, 0.8781636953353882, 0.8682003617286682, 0.8923660516738892, 1.0585991144180298, 1.1829673051834106, 0.965666651725769, 1.1871317625045776, 1.6786506175994873, 1.199683666229248, 1.274214506149292, 1.4668176174163818, 1.4906926155090332, 1.3458911180496216, 1.1086195707321167, 1.1559793949127197, 0.9154598712921143, 0.8679322004318237], "train_acc": [0.5498600419874038, 0.6527291812456263, 0.7270818754373688, 0.7750174947515746, 0.822778166550035, 0.8448215535339398, 0.8640657802659202, 0.8852344296710987, 0.8980055983205039, 0.9025542337298811, 0.9196990902729181, 0.9356193142057383, 0.9513645906228132, 0.9478656403079077, 0.9529391182645206, 0.9630860741777467, 0.9655353393981806, 0.9706088173547935, 0.9725332400279916, 0.9805808257522743, 0.9814555633310007, 0.9849545136459062, 0.9828551434569629, 0.9805808257522743, 0.9839048285514346, 0.9863540937718684, 0.9884534639608118], "val_acc": [0.85, 0.8757142857142857, 0.8757142857142857, 0.6357142857142857, 0.12428571428571429, 0.12428571428571429, 0.12428571428571429, 0.12428571428571429, 0.12428571428571429, 0.3157142857142857, 0.13, 0.15714285714285714, 0.18571428571428572, 0.1457142857142857, 0.1457142857142857, 0.30142857142857143, 0.24857142857142858, 0.17142857142857143, 0.3314285714285714, 0.3514285714285714, 0.36714285714285716, 0.38571428571428573, 0.47285714285714286, 0.58, 0.5671428571428572, 0.6785714285714286, 0.7014285714285714]}